{"cameraMode":{"drawMode":0,"name":"Shaded","section":"Shading Mode"},"sceneLighting":true,"audioPlay":false,"sceneViewState":{"m_AlwaysRefresh":false,"showFog":true,"showSkybox":true,"showFlares":true,"showImageEffects":true,"showParticleSystems":true,"showVisualEffectGraphs":true,"m_FxEnabled":true},"in2DMode":false,"pivot":{"x":45.747344970703128,"y":17.515087127685548,"z":35.31928253173828},"rotation":{"x":0.004732306115329266,"y":0.9578348398208618,"z":-0.2868732511997223,"w":0.015805164352059366},"size":10.548006057739258,"orthographic":false}