{"cameraMode":{"drawMode":0,"name":"Shaded","section":"Shading Mode"},"sceneLighting":false,"audioPlay":false,"sceneViewState":{"m_AlwaysRefresh":false,"showFog":true,"showSkybox":false,"showFlares":true,"showImageEffects":true,"showParticleSystems":true,"showVisualEffectGraphs":true,"m_FxEnabled":true},"in2DMode":false,"pivot":{"x":24.0222110748291,"y":12.302485466003418,"z":15.375728607177735},"rotation":{"x":0.07152367383241654,"y":0.9284655451774597,"z":-0.26146435737609866,"w":0.25397300720214846},"size":2.1896398067474367,"orthographic":false}